{"assets/images/down_green.png":["assets/images/down_green.png"],"assets/images/down_red.png":["assets/images/down_red.png"],"assets/images/left_green.png":["assets/images/left_green.png"],"assets/images/left_red.png":["assets/images/left_red.png"],"assets/images/logo.png":["assets/images/logo.png"],"assets/images/right_green.png":["assets/images/right_green.png"],"assets/images/right_red.png":["assets/images/right_red.png"],"assets/images/up_green.png":["assets/images/up_green.png"],"assets/images/up_red.png":["assets/images/up_red.png"],"packages/cupertino_icons/assets/CupertinoIcons.ttf":["packages/cupertino_icons/assets/CupertinoIcons.ttf"],"packages/fluttertoast/assets/toastify.css":["packages/fluttertoast/assets/toastify.css"],"packages/fluttertoast/assets/toastify.js":["packages/fluttertoast/assets/toastify.js"]}